node_id,state,district,log_pop,density,literacy_pct,worker_pct,confirmed,cases_per_100k,n_neighbours,risk_tier
0,Andaman and Nicobar,Andaman Islands,,,,,0,,0,
1,Andaman and Nicobar,Nicobar Islands,,,,,0,,0,
2,Andhra Pradesh,Adilabad,14.824,171.1,54.1,48.3,360,13.1,6,low
3,Andhra Pradesh,Anantapur,15.222,212.3,56.6,49.9,21173,518.8,7,high
4,Andhra Pradesh,Chittoor,15.244,275.2,63.9,46.3,14306,342.7,7,high
5,Andhra Pradesh,Cuddapah,,,,,0,,5,
6,Andhra Pradesh,East Godavari,15.455,478.9,63.8,40.6,27580,535.1,5,high
7,Andhra Pradesh,Guntur,15.402,427.9,60.6,48.7,19419,397.3,4,high
8,Andhra Pradesh,Hyderabad,15.188,22179.0,73.3,35.8,41449,1051.1,1,high
9,Andhra Pradesh,Karimnagar,15.144,317.7,58.4,49.7,2019,53.5,6,medium
10,Andhra Pradesh,Khammam,14.844,174.1,58.3,50.4,794,28.4,7,low
11,Andhra Pradesh,Krishna,15.323,523.8,66.6,45.4,9042,200.2,4,high
12,Andhra Pradesh,Kurnool,15.215,228.1,52.5,50.1,23348,576.0,6,high
13,Andhra Pradesh,Mahbubnagar,15.215,221.0,47.9,51.4,861,21.2,7,low
14,Andhra Pradesh,Medak,14.925,311.3,54.0,47.5,660,21.8,7,low
15,Andhra Pradesh,Nalgonda,15.065,247.9,57.4,49.9,1217,34.9,7,low
16,Andhra Pradesh,Nellore,15.186,300.3,70.5,42.9,6897,175.2,4,high
17,Andhra Pradesh,Nizamabad,14.752,322.9,54.5,49.4,1215,47.6,5,medium
18,Andhra Pradesh,Prakasam,15.039,191.0,56.1,50.1,7256,213.6,5,high
19,Andhra Pradesh,Rangareddi,15.483,702.4,66.8,41.5,6361,120.1,5,high
20,Andhra Pradesh,Srikakulam,14.81,431.3,55.3,47.7,9636,356.5,4,high
21,Andhra Pradesh,Vishakhapatnam,15.272,377.3,59.9,44.0,16682,388.8,4,high
22,Andhra Pradesh,Vizianagaram,14.668,409.6,52.8,49.4,7468,318.5,4,high
23,Andhra Pradesh,Warangal,15.072,274.7,58.8,48.6,0,0.0,5,low
24,Andhra Pradesh,West Godavari,15.186,507.4,67.4,45.0,15786,401.0,3,high
25,Arunachal Pradesh,Changlang,11.906,30.1,49.4,42.5,269,181.5,3,high
26,Arunachal Pradesh,East Kameng,11.273,19.3,48.9,40.3,57,72.4,4,medium
27,Arunachal Pradesh,East Siang,11.505,27.5,63.1,40.5,114,114.9,5,high
28,Arunachal Pradesh,Kurung Kumey,11.43,16.1,39.8,41.3,0,0.0,5,low
29,Arunachal Pradesh,Lohit,11.889,14.1,57.0,41.8,55,37.7,3,medium
30,Arunachal Pradesh,Lower Dibang Valley,10.898,9.7,58.9,41.3,22,40.7,6,medium
31,Arunachal Pradesh,Lower Subansiri,11.327,22.0,65.1,36.4,39,47.0,6,medium
32,Arunachal Pradesh,Papum Pare,12.081,50.1,68.6,37.2,910,515.4,5,high
33,Arunachal Pradesh,Tawang,10.819,23.0,52.2,57.1,50,100.0,1,high
34,Arunachal Pradesh,Tirap,11.626,53.0,42.8,44.8,63,56.3,5,medium
35,Arunachal Pradesh,Upper Dibang Valley,8.988,1.1,55.4,44.4,0,0.0,2,low
36,Arunachal Pradesh,Upper Siang,10.472,5.0,51.5,50.0,28,79.3,4,medium
37,Arunachal Pradesh,Upper Subansiri,11.332,13.1,54.3,40.0,4,4.8,3,low
38,Arunachal Pradesh,West Kameng,11.338,11.4,57.8,50.6,57,67.9,5,medium
39,Arunachal Pradesh,West Siang,11.629,14.4,57.7,43.8,40,35.6,5,medium
40,Assam,Barpeta,14.342,524.6,53.0,33.2,825,48.7,4,medium
41,Assam,Bongaigaon,13.513,321.3,58.8,34.6,719,97.3,4,high
42,Assam,Cachar,14.367,460.5,67.6,35.0,1878,108.1,9,high
43,Assam,Darrang,13.741,260.9,52.5,35.0,1308,140.9,5,high
44,Assam,Dhemaji,13.439,271.2,61.7,46.2,286,41.7,7,medium
45,Assam,Dhuburi,14.483,706.5,47.3,34.4,1163,59.7,6,medium
46,Assam,Dibrugarh,14.098,391.9,66.7,42.3,2187,164.9,6,high
47,Assam,Goalpara,13.824,531.6,55.9,36.0,453,44.9,5,medium
48,Assam,Golaghat,13.88,303.1,67.7,45.0,1749,163.9,8,high
49,Assam,Hailakandi,13.399,495.4,61.8,32.5,1006,152.6,4,high
50,Assam,Jorhat,13.904,385.9,72.8,45.7,2155,197.3,6,high
51,Assam,Kamrup,14.233,350.7,65.6,41.4,1843,121.4,8,high
52,Assam,Karbi Anglong,13.771,92.0,58.3,40.1,400,41.8,8,medium
53,Assam,Karimganj,14.021,680.2,64.7,32.5,612,49.8,4,medium
54,Assam,Kokrajhar,13.696,271.4,55.2,38.5,408,46.0,4,medium
55,Assam,Lakhimpur,13.857,353.9,65.6,41.3,666,63.9,7,medium
56,Assam,Marigaon,13.772,617.7,56.4,36.7,419,43.8,6,medium
57,Assam,Nagaon,14.854,709.8,60.6,34.7,2580,91.4,5,high
58,Assam,Nalbari,13.556,342.3,68.9,34.7,704,91.2,3,high
59,Assam,North Cachar Hills,,,,,0,,6,
60,Assam,Sibsagar,13.956,438.4,70.7,42.2,334,29.0,6,low
61,Assam,Sonitpur,14.47,364.8,57.6,40.0,1487,77.3,8,medium
62,Assam,Tinsukia,14.099,351.0,60.1,42.0,1881,141.6,7,high
63,Bihar,Araria,14.849,1000.0,42.5,38.1,874,31.1,4,low
64,Bihar,Aurangabad,15.124,1130.3,67.6,42.6,15218,411.2,4,high
65,Bihar,Banka,14.526,659.7,47.4,37.9,868,42.7,6,medium
66,Bihar,Begusarai,14.904,1536.2,52.1,31.6,2273,76.5,5,medium
67,Bihar,Bhabua,13.84,306.7,34.3,50.3,183,17.9,5,low
68,Bihar,Bhagalpur,14.927,1189.5,51.8,32.4,3138,103.3,8,high
69,Bihar,Bhojpur,14.819,1152.6,58.6,30.1,2000,73.3,6,medium
70,Bihar,Buxar,14.35,1000.4,58.0,31.5,1427,83.6,5,medium
71,Bihar,Darbhanga,15.186,1724.8,46.1,31.1,1131,28.7,5,low
72,Bihar,Gaya,15.295,886.7,52.3,37.9,2607,59.4,7,medium
73,Bihar,Gopalganj,14.756,1258.7,54.0,28.4,1228,47.9,7,medium
74,Bihar,Jamui,14.381,572.4,48.8,41.3,1022,58.1,7,medium
75,Bihar,Jehanabad,13.934,702.8,55.0,32.5,1131,100.5,6,high
76,Bihar,Katihar,14.938,1005.6,41.7,33.0,1953,63.6,5,medium
77,Bihar,Khagaria,14.326,1120.7,46.1,33.6,1466,87.9,6,high
78,Bihar,Kishanganj,14.34,876.4,44.1,31.3,896,53.0,4,medium
79,Bihar,Lakhisarai,13.816,750.9,50.7,32.6,891,89.0,6,high
80,Bihar,Madhepura,14.51,1091.2,41.7,38.8,906,45.3,6,medium
81,Bihar,Madhubani,15.317,1307.5,48.0,36.5,1576,35.1,4,medium
82,Bihar,Munger,14.129,1001.0,58.6,31.2,1352,98.8,6,high
83,Bihar,Muzaffarpur,15.384,1511.1,52.3,32.2,3007,62.6,8,medium
84,Bihar,Nalanda,14.872,1234.4,52.8,36.3,2716,94.4,6,high
85,Bihar,Nawada,14.613,895.0,49.2,36.8,1558,70.2,7,medium
86,Bihar,Pashchim Champaran,15.185,754.8,44.7,37.6,0,0.0,4,low
87,Bihar,Patna,15.58,1825.2,59.3,32.2,11592,198.5,8,high
88,Bihar,Purba Champaran,15.445,1281.9,44.7,34.1,0,0.0,5,low
89,Bihar,Purnia,14.999,1008.3,40.8,35.0,1650,50.5,6,medium
90,Bihar,Rohtas,14.901,767.1,60.8,31.2,2610,88.2,8,high
91,Bihar,Saharsa,14.458,1128.3,42.4,34.2,1075,56.6,6,medium
92,Bihar,Samastipur,15.265,1470.5,50.3,31.5,1740,40.8,7,medium
93,Bihar,Saran,15.19,1497.7,54.6,26.3,2155,54.5,7,medium
94,Bihar,Sheikhpura,13.363,1056.0,51.7,35.3,805,126.5,4,high
95,Bihar,Sheohar,13.394,1145.0,43.2,33.0,371,56.5,3,medium
96,Bihar,Sitamarhi,15.046,1670.0,42.0,32.6,954,27.9,5,low
97,Bihar,Siwan,15.019,1500.6,58.0,28.0,1867,56.1,4,medium
98,Bihar,Supaul,14.617,936.5,46.4,39.4,1238,55.5,4,medium
99,Bihar,Vaishali,15.067,1744.4,55.1,30.3,1982,56.7,4,medium
100,Chandigarh,Chandigarh,13.869,8967.7,76.3,38.3,1327,125.7,3,high
101,Chhattisgarh,Bastar,14.161,94.7,46.1,51.4,282,20.0,7,low
102,Chhattisgarh,Bilaspur,14.795,320.1,59.9,45.2,134,5.0,9,low
103,Chhattisgarh,Dantewada,,,,,0,,6,
104,Chhattisgarh,Dhamtari,13.592,197.2,68.4,50.4,46,5.8,5,low
105,Chhattisgarh,Durg,15.023,388.9,68.9,44.8,977,29.2,6,low
106,Chhattisgarh,Janjgir-Champa,14.298,418.9,63.0,52.3,513,31.7,4,low
107,Chhattisgarh,Jashpur,13.655,146.5,58.2,57.2,258,30.3,5,low
108,Chhattisgarh,Kanker,,,,,0,,5,
109,Chhattisgarh,Kawardha,14.078,308.6,78.4,46.8,252,19.4,5,low
110,Chhattisgarh,Korba,14.003,182.9,62.1,43.2,428,35.5,5,medium
111,Chhattisgarh,Koriya,13.398,99.5,60.4,46.6,138,20.9,6,low
112,Chhattisgarh,Mahasamund,13.848,217.7,61.8,48.3,193,18.7,4,low
113,Chhattisgarh,Raigarh,14.784,372.4,73.6,40.7,288,10.9,9,low
114,Chhattisgarh,Raipur,15.218,326.6,64.7,43.3,3673,90.4,9,high
115,Chhattisgarh,Raj Nandgaon,14.245,190.9,65.6,52.1,817,53.2,7,medium
116,Chhattisgarh,Surguja,14.674,150.0,50.3,49.0,244,10.3,9,low
117,Dadra and Nagar Haveli,Dadra and Nagar Haveli,12.748,700.5,64.9,45.7,620,180.4,2,high
118,Daman and Diu,Daman,12.161,12234.5,78.6,55.2,680,355.7,1,high
119,Daman and Diu,Junagadh,14.825,5082.4,67.2,41.0,1078,39.3,1,medium
120,Delhi,Delhi,,,,,0,,7,
121,Goa,North Goa,13.615,479.9,81.1,40.1,1251,152.9,4,high
122,Goa,South Goa,13.37,322.2,78.4,39.0,2235,348.9,2,high
123,Gujarat,Ahmadabad,15.792,933.8,75.3,36.0,27434,380.3,6,high
124,Gujarat,Amreli,14.23,205.7,65.7,43.4,570,37.6,3,medium
125,Gujarat,Anand,14.554,727.7,74.1,40.4,538,25.7,4,low
126,Gujarat,Banas Kantha,14.954,294.6,54.6,40.0,769,24.6,6,low
127,Gujarat,Bharuch,14.254,285.9,72.1,40.4,983,63.4,3,medium
128,Gujarat,Bhavnagar,14.873,343.4,65.5,39.9,1689,58.6,5,medium
129,Gujarat,Dahod,,,,,696,,5,
130,Gujarat,Gandhinagar,14.146,809.2,74.0,38.4,1653,118.8,4,high
131,Gujarat,Jamnagar,14.586,192.3,64.7,39.2,947,43.8,3,medium
132,Gujarat,Junagadh,14.825,333.9,67.2,41.0,1078,39.3,4,medium
133,Gujarat,Kachchh,14.554,49.6,59.9,37.1,0,0.0,7,low
134,Gujarat,Kheda,14.648,578.7,72.2,40.6,688,29.9,6,low
135,Gujarat,Mahesana,14.526,464.6,73.8,39.9,0,0.0,6,low
136,Gujarat,Narmada,13.288,230.3,62.7,49.9,394,66.7,4,medium
137,Gujarat,Navsari,14.1,610.3,75.4,44.5,626,47.1,4,medium
138,Gujarat,Panch Mahals,14.687,657.0,60.3,45.9,601,25.1,5,low
139,Gujarat,Patan,14.111,224.1,62.4,41.3,651,48.4,4,medium
140,Gujarat,Porbandar,13.28,253.7,67.2,39.5,115,19.6,3,low
141,Gujarat,Rajkot,15.152,341.9,71.6,38.9,2328,61.2,7,medium
142,Gujarat,Sabar Kantha,14.703,327.3,65.0,44.7,504,20.8,8,low
143,Gujarat,Surat,15.621,807.9,75.2,42.0,14546,239.2,6,high
144,Gujarat,Surendranagar,14.379,168.3,62.3,41.2,878,50.0,6,medium
145,Gujarat,The Dangs,12.338,133.6,61.7,51.8,0,0.0,4,low
146,Gujarat,Vadodara,15.242,539.5,69.5,40.7,5279,126.7,8,high
147,Gujarat,Valsad,14.349,559.0,68.6,43.6,717,42.0,5,medium
148,Haryana,Ambala,13.936,645.9,72.5,33.0,1888,167.3,5,high
149,Haryana,Bhiwani,14.307,353.7,65.5,38.1,823,50.4,7,medium
150,Haryana,Faridabad,14.409,839.4,70.3,32.0,9671,534.4,5,high
151,Haryana,Fatehabad,13.756,393.8,59.2,39.2,396,42.0,6,medium
152,Haryana,Gurgaon,14.231,551.5,73.4,36.0,0,0.0,7,low
153,Haryana,Hisar,14.372,419.7,63.9,39.7,1065,61.1,5,medium
154,Haryana,Jhajjar,13.773,455.2,70.5,34.1,887,92.5,7,high
155,Haryana,Jind,14.104,489.8,62.4,39.2,335,25.1,9,low
156,Haryana,Kaithal,13.887,469.2,60.2,34.8,316,29.4,4,low
157,Haryana,Karnal,14.225,584.4,65.0,34.3,1189,79.0,6,medium
158,Haryana,Kurukshetra,13.78,527.2,67.1,34.9,598,62.0,6,medium
159,Haryana,Mahendragarh,13.734,477.4,68.4,36.7,872,94.6,7,high
160,Haryana,Panchkula,13.238,763.4,72.2,37.7,816,145.4,6,high
161,Haryana,Panipat,14.002,987.5,65.3,34.2,1398,116.0,5,high
162,Haryana,Rewari,13.711,720.5,70.7,37.5,1997,221.8,4,high
163,Haryana,Rohtak,13.875,631.5,70.4,32.6,1800,169.6,5,high
164,Haryana,Sirsa,14.074,307.2,60.4,38.8,492,38.0,5,medium
165,Haryana,Sonepat,14.187,657.2,68.8,36.1,3096,213.5,6,high
166,Haryana,Yamuna Nagar,14.01,933.6,68.6,32.1,401,33.0,4,low
167,Himachal Pradesh,Bilaspur,14.795,2292.7,59.9,45.2,134,5.0,5,low
168,Himachal Pradesh,Chamba,13.16,80.7,62.4,56.6,137,26.4,6,low
169,Himachal Pradesh,Hamirpur,13.915,988.4,59.2,40.2,346,31.3,4,low
170,Himachal Pradesh,Kangra,14.228,265.7,76.3,44.7,500,33.1,8,low
171,Himachal Pradesh,Kinnaur,11.34,13.1,72.2,66.9,46,54.7,4,medium
172,Himachal Pradesh,Kullu,12.99,79.9,70.3,61.4,86,19.6,5,low
173,Himachal Pradesh,Lahul and Spiti,10.36,2.3,69.2,61.1,4,12.7,7,low
174,Himachal Pradesh,Mandi,13.815,254.2,72.4,57.3,227,22.7,6,low
175,Himachal Pradesh,Shimla,13.61,159.1,75.3,52.9,188,23.1,7,low
176,Himachal Pradesh,Sirmaur,13.18,189.3,68.4,52.9,364,68.7,7,medium
177,Himachal Pradesh,Solan,13.271,297.7,73.9,51.5,758,130.6,6,high
178,Himachal Pradesh,Una,13.164,340.2,76.7,41.3,264,50.7,5,medium
179,Jammu and Kashmir,Anantnag (Kashmir South),,,,,0,,9,
180,Jammu and Kashmir,Bagdam,13.533,603.8,44.5,28.5,0,0.0,5,low
181,Jammu and Kashmir,Baramula (Kashmir North),,,,,0,,6,
182,Jammu and Kashmir,Doda,12.924,38.7,53.4,37.1,299,72.9,5,medium
183,Jammu and Kashmir,Jammu,14.241,421.7,74.3,33.2,1412,92.3,3,high
184,Jammu and Kashmir,Kargil,11.855,9.8,61.2,36.8,854,606.5,6,high
185,Jammu and Kashmir,Kathua,13.332,306.7,63.1,32.5,565,91.7,4,high
186,Jammu and Kashmir,Kupwara (Muzaffarabad),,,,,0,,1,
187,Jammu and Kashmir,Ladakh (Leh),,,,,0,,2,
188,Jammu and Kashmir,Pulwama,13.236,540.5,52.5,33.6,1743,311.0,4,high
189,Jammu and Kashmir,Punch,13.075,156.5,54.9,33.8,252,52.8,5,medium
190,Jammu and Kashmir,Rajauri,13.373,200.6,56.7,45.3,751,116.9,4,high
191,Jammu and Kashmir,Srinagar,14.028,738.0,60.5,32.9,5699,460.8,5,high
192,Jammu and Kashmir,Udhampur,13.227,120.5,58.1,43.9,595,107.2,6,high
193,Jharkhand,Bokaro,14.539,720.1,61.8,33.2,382,18.5,4,low
194,Jharkhand,Chatra,13.858,278.1,48.9,38.1,384,36.8,5,medium
195,Jharkhand,Deoghar,14.216,612.7,53.2,37.0,579,38.8,5,medium
196,Jharkhand,Dhanbad,14.803,1291.4,64.2,31.5,825,30.7,5,low
197,Jharkhand,Dumka,14.094,350.8,50.9,47.3,181,13.7,6,low
198,Jharkhand,Garhwa,14.095,325.0,49.4,43.2,534,40.4,5,medium
199,Jharkhand,Giridih,14.71,490.6,51.3,42.4,640,26.2,8,low
200,Jharkhand,Godda,14.088,587.1,46.0,42.0,561,42.7,5,medium
201,Jharkhand,Gumla,13.84,191.5,54.6,47.6,400,39.0,6,medium
202,Jharkhand,Hazaribag,14.366,282.1,58.4,37.7,808,46.6,8,medium
203,Jharkhand,Jamtara,13.581,439.3,53.9,41.3,148,18.7,6,low
204,Jharkhand,Koderma,13.482,543.1,54.5,35.9,682,95.2,3,high
205,Jharkhand,Latehar,13.497,170.9,48.2,43.1,384,52.8,7,medium
206,Jharkhand,Lohardaga,13.043,308.6,56.2,47.9,282,61.1,3,medium
207,Jharkhand,Pakur,13.711,497.3,39.2,44.9,314,34.9,5,low
208,Jharkhand,Palamu,14.478,436.4,52.8,36.8,613,31.6,6,low
209,Jharkhand,Pashchim Singhbhum,14.223,208.1,48.4,46.3,0,0.0,6,low
210,Jharkhand,Purba Singhbhum,14.646,642.5,65.7,36.5,0,0.0,4,low
211,Jharkhand,Ranchi,14.885,381.4,65.6,39.2,2991,102.6,9,high
212,Jharkhand,Sahibganj,13.956,524.2,42.0,42.6,275,23.9,6,low
213,Jharkhand,Saraikela Kharsawan,13.879,402.3,57.6,40.4,354,33.2,5,low
214,Jharkhand,Simdega,13.304,158.5,57.3,48.1,580,96.7,5,high
215,Karnataka,Bagalkot,14.452,288.6,58.9,43.3,2614,138.3,5,high
216,Karnataka,Bangalore Rural,13.806,170.7,69.5,46.4,0,0.0,6,low
217,Karnataka,Bangalore Urban,13.806,455.0,69.5,46.4,0,0.0,2,low
218,Karnataka,Belgaum,15.38,358.9,63.9,44.1,0,0.0,9,low
219,Karnataka,Bellary,14.713,291.3,58.0,45.5,0,0.0,8,low
220,Karnataka,Bidar,14.348,313.9,61.2,41.2,2712,159.2,6,high
221,Karnataka,Bijapur,14.594,208.0,57.3,42.6,88,4.0,6,low
222,Karnataka,Chamrajnagar,13.836,180.7,55.4,47.2,985,96.5,8,high
223,Karnataka,Chikmagalur,13.945,158.4,71.9,49.7,1306,114.8,7,high
224,Karnataka,Chitradurga,14.322,197.2,65.5,51.6,885,53.3,5,medium
225,Karnataka,Dakshin Kannad,14.553,458.5,79.7,47.7,6710,321.1,5,high
226,Karnataka,Davanagere,14.481,294.6,67.3,45.0,3040,156.3,5,high
227,Karnataka,Dharwad,14.429,433.8,70.5,42.5,5246,284.0,4,high
228,Karnataka,Gadag,13.878,230.2,65.8,46.6,1966,184.7,6,high
229,Karnataka,Gulbarga,14.758,158.4,55.6,42.4,0,0.0,8,low
230,Karnataka,Hassan,14.39,261.7,69.0,50.9,3037,171.0,6,high
231,Karnataka,Haveri,14.284,333.6,67.9,45.7,1580,98.9,6,high
232,Karnataka,Kodagu,13.226,135.5,74.5,50.3,601,108.4,6,high
233,Karnataka,Kolar,14.245,187.5,66.1,46.7,1657,107.8,5,high
234,Karnataka,Koppal,14.145,250.5,58.2,47.1,1878,135.1,4,high
235,Karnataka,Mandya,14.406,366.8,63.7,48.3,2292,126.9,5,high
236,Karnataka,Mysore,14.914,476.9,65.4,43.8,0,0.0,5,low
237,Karnataka,Raichur,14.472,228.8,50.8,46.8,3125,162.0,7,high
238,Karnataka,Shimoga,14.377,226.8,72.1,44.5,2438,139.1,5,high
239,Karnataka,Tumkur,14.801,253.1,67.7,50.6,2133,79.6,7,medium
240,Karnataka,Udupi,13.979,302.0,78.7,43.6,5359,455.2,4,high
241,Karnataka,Uttar Kannand,14.178,139.8,75.3,42.3,2479,172.5,7,high
242,Kerala,Alappuzha,14.571,1709.8,87.1,37.8,2263,106.4,4,high
243,Kerala,Ernakulam,15.004,1459.4,87.0,38.1,2486,75.7,4,medium
244,Kerala,Idukki,13.919,222.3,83.2,46.6,982,88.6,9,high
245,Kerala,Kannur,14.741,909.9,84.8,32.7,1574,62.4,5,medium
246,Kerala,Kasaragod,14.084,670.4,79.4,35.4,2347,179.5,3,high
247,Kerala,Kollam,14.785,1096.4,85.0,34.6,1998,75.8,4,medium
248,Kerala,Kottayam,14.496,939.5,88.6,37.3,1463,74.1,4,medium
249,Kerala,Kozhikode,14.942,1358.8,84.7,30.7,1952,63.2,3,medium
250,Kerala,Malappuram,15.23,1175.1,80.5,25.8,2838,69.0,5,medium
251,Kerala,Palakkad,14.849,628.7,79.7,37.1,2082,74.1,4,medium
252,Kerala,Pattanamtitta,13.996,454.7,88.7,32.8,1690,141.1,5,high
253,Kerala,Thiruvananthapuram,15.01,1616.6,84.4,37.3,6068,183.8,3,high
254,Kerala,Thrissur,14.954,1061.8,85.8,35.1,1908,61.1,5,medium
255,Kerala,Wayanad,13.614,385.5,79.0,41.6,798,97.6,7,high
256,Lakshadweep,Kavaratti,,,,,0,,0,
257,Madhya Pradesh,Anuppur,13.527,370.7,58.3,46.2,75,10.0,3,low
258,Madhya Pradesh,Ashoknagar,13.647,179.3,55.5,37.3,103,12.2,5,low
259,Madhya Pradesh,Balaghat,14.347,184.2,67.4,52.5,149,8.8,8,low
260,Madhya Pradesh,Barwani,14.142,255.8,39.7,47.2,829,59.8,6,medium
261,Madhya Pradesh,Betul,14.27,156.9,59.7,50.0,278,17.6,5,low
262,Madhya Pradesh,Bhind,14.348,381.6,64.3,30.6,496,29.1,8,low
263,Madhya Pradesh,Bhopal,14.679,873.0,70.0,36.6,7270,306.6,5,high
264,Madhya Pradesh,Burhanpur,13.538,237.5,53.9,43.3,489,64.5,5,medium
265,Madhya Pradesh,Chhatarpur,14.382,202.8,53.5,42.7,376,21.3,8,low
266,Madhya Pradesh,Chhindwara,14.553,177.6,61.9,45.8,202,9.7,6,low
267,Madhya Pradesh,Damoh,14.05,172.2,59.1,45.5,274,21.7,6,low
268,Madhya Pradesh,Datia,13.576,312.9,62.5,40.8,239,30.4,4,low
269,Madhya Pradesh,Dewas,14.263,225.3,59.2,47.5,453,29.0,7,low
270,Madhya Pradesh,Dhar,14.597,269.4,49.3,47.0,474,21.7,6,low
271,Madhya Pradesh,Dindori,13.465,108.8,53.8,55.3,55,7.8,7,low
272,Madhya Pradesh,East Nimar,,,,,0,,6,
273,Madhya Pradesh,Guna,14.032,197.5,52.7,41.5,89,7.2,7,low
274,Madhya Pradesh,Gwalior,14.525,444.8,66.8,33.7,2748,135.2,4,high
275,Madhya Pradesh,Harda,13.254,172.4,61.8,40.5,221,38.7,5,medium
276,Madhya Pradesh,Hoshangabad,14.032,185.4,65.3,38.5,287,23.1,6,low
277,Madhya Pradesh,Indore,15.002,839.8,70.5,38.7,8014,244.6,4,high
278,Madhya Pradesh,Jabalpur,14.717,615.4,71.3,40.8,1641,66.6,7,medium
279,Madhya Pradesh,Jhabua,13.84,151.8,34.3,50.3,183,17.9,7,low
280,Madhya Pradesh,Katni,14.072,210.1,61.2,42.1,187,14.5,5,low
281,Madhya Pradesh,Mandla,13.869,156.1,57.3,53.1,45,4.3,4,low
282,Madhya Pradesh,Mandsaur,14.108,238.5,62.3,50.7,469,35.0,5,medium
283,Madhya Pradesh,Morena,14.491,395.3,60.0,34.4,1694,86.2,7,high
284,Madhya Pradesh,Narsinghpur,,,,,212,,7,
285,Madhya Pradesh,Neemuch,13.624,199.5,61.6,50.7,793,96.0,3,high
286,Madhya Pradesh,Panna,13.832,143.3,54.4,42.5,111,10.9,5,low
287,Madhya Pradesh,Raisen,14.102,157.2,61.6,38.9,389,29.2,6,low
288,Madhya Pradesh,Rajgarh,14.251,253.0,52.0,48.2,389,25.2,5,low
289,Madhya Pradesh,Ratlam,14.191,302.8,56.8,47.5,498,34.2,8,low
290,Madhya Pradesh,Rewa,14.676,375.8,61.0,41.9,402,17.0,5,low
291,Madhya Pradesh,Sagar,14.682,232.4,65.0,42.3,736,30.9,7,low
292,Madhya Pradesh,Satna,14.617,298.0,61.5,40.9,214,9.6,8,low
293,Madhya Pradesh,Sehore,14.087,200.1,59.5,44.7,322,24.6,7,low
294,Madhya Pradesh,Seoni,14.137,157.8,62.7,49.6,52,3.8,6,low
295,Madhya Pradesh,Shahdol,13.879,128.4,56.7,46.3,89,8.3,7,low
296,Madhya Pradesh,Shajapur,14.229,240.9,59.1,47.5,306,20.2,6,low
297,Madhya Pradesh,Sheopur,13.441,105.7,47.7,40.3,253,36.8,6,medium
298,Madhya Pradesh,Shivpuri,14.361,165.3,52.2,44.0,346,20.0,9,low
299,Madhya Pradesh,Sidhi,13.935,106.9,53.3,41.0,114,10.1,7,low
300,Madhya Pradesh,Tikamgarh,14.184,286.3,51.8,45.3,322,22.3,3,low
301,Madhya Pradesh,Ujjain,14.502,327.3,62.5,45.2,1251,63.0,5,medium
302,Madhya Pradesh,Umaria,13.377,173.4,55.3,44.9,46,7.1,5,low
303,Madhya Pradesh,Vidisha,14.193,200.1,59.1,37.7,364,25.0,5,low
304,Madhya Pradesh,West Nimar,,,,,0,,7,
305,Maharashtra,Ahmednagar,15.329,282.0,69.4,48.5,7440,163.8,6,high
306,Maharashtra,Akola,14.411,329.5,77.8,42.3,2815,155.2,3,high
307,Maharashtra,Amravati,14.876,237.4,78.0,42.8,2557,88.5,10,high
308,Maharashtra,Aurangabad,15.124,367.5,67.6,42.6,15218,411.2,5,high
309,Maharashtra,Bhandara,13.998,255.8,75.0,49.8,318,26.5,6,low
310,Maharashtra,Bid,14.765,226.9,66.5,48.6,0,0.0,7,low
311,Maharashtra,Buldana,14.766,269.8,72.7,47.2,1663,64.3,7,medium
312,Maharashtra,Chandrapur,14.606,195.2,71.6,48.0,642,29.1,6,low
313,Maharashtra,Dhule,14.534,287.0,63.1,45.7,3470,169.2,6,high
314,Maharashtra,Garhchiroli,13.886,74.3,66.0,54.5,360,33.6,9,low
315,Maharashtra,Gondiya,14.095,285.9,75.9,50.3,467,35.3,4,medium
316,Maharashtra,Greater Bombay,,,,,0,,2,
317,Maharashtra,Hingoli,13.979,251.6,67.2,48.3,689,58.5,4,medium
318,Maharashtra,Jalgaon,15.258,360.5,68.4,44.1,13031,308.1,8,high
319,Maharashtra,Jalna,14.488,252.5,61.0,47.5,2087,106.5,5,high
320,Maharashtra,Kolhapur,15.17,506.9,72.9,44.0,7651,197.4,4,high
321,Maharashtra,Latur,14.713,339.7,67.3,42.7,2962,120.7,5,high
322,Maharashtra,Nagpur,15.353,469.7,78.9,40.2,6950,149.3,7,high
323,Maharashtra,Nanded,15.028,318.1,65.1,44.4,2618,77.9,7,medium
324,Maharashtra,Nandurbar,14.315,278.3,55.0,48.1,727,44.1,6,medium
325,Maharashtra,Nashik,15.625,394.4,71.2,45.2,18054,295.6,8,high
326,Maharashtra,Osmanabad,14.321,219.8,68.6,46.7,1729,104.3,5,high
327,Maharashtra,Parbhani,14.423,290.6,63.1,44.8,817,44.5,7,medium
328,Maharashtra,Pune,16.059,605.0,76.1,42.9,104353,1106.7,5,high
329,Maharashtra,Raigarh,14.784,376.1,73.6,40.7,288,10.9,5,low
330,Maharashtra,Ratnagiri,14.295,191.0,74.3,44.2,1995,123.5,5,high
331,Maharashtra,Sangli,14.853,331.1,72.6,43.1,3934,139.4,6,high
332,Maharashtra,Satara,14.915,287.3,74.1,45.1,5014,166.9,5,high
333,Maharashtra,Sindhudurg,13.653,164.5,78.4,40.9,433,51.0,4,medium
334,Maharashtra,Solapur,15.278,290.9,67.4,44.0,10565,244.7,8,high
335,Maharashtra,Thane,16.219,1208.4,74.4,40.6,100875,912.1,7,high
336,Maharashtra,Wardha,14.078,206.5,78.4,46.8,252,19.4,4,low
337,Maharashtra,Washim,13.995,231.0,72.7,47.6,780,65.2,6,medium
338,Maharashtra,Yavatmal,14.835,205.2,73.0,48.9,1252,45.2,7,medium
339,Manipur,Bishnupur,12.377,494.8,65.9,46.3,97,40.9,5,medium
340,Manipur,Chandel,11.879,45.4,62.6,52.9,47,32.6,5,low
341,Manipur,Churachandpur,12.521,58.2,71.5,44.7,309,112.7,9,high
342,Manipur,East Imphal,,,,,0,,6,
343,Manipur,Senapati,13.08,137.7,55.2,48.8,243,50.7,10,medium
344,Manipur,Tamenglong,11.854,33.6,60.4,50.2,231,164.2,6,high
345,Manipur,Thoubal,12.953,592.7,63.8,46.3,358,84.8,6,high
346,Manipur,Ukhrul,12.123,41.4,70.6,47.8,265,144.0,3,high
347,Manipur,West Imphal,,,,,0,,4,
348,Meghalaya,East Garo Hills,12.67,108.7,60.4,39.7,1,0.3,6,low
349,Meghalaya,East Khasi Hills,13.624,291.1,70.0,39.6,753,91.2,3,high
350,Meghalaya,Jaintia Hills,12.887,104.4,47.5,39.0,23,5.8,5,low
351,Meghalaya,Ri-Bhoi,12.464,108.8,60.2,41.1,121,46.7,6,medium
352,Meghalaya,South Garo Hills,11.866,77.4,57.7,37.3,5,3.5,3,low
353,Meghalaya,West Garo Hills,13.374,190.2,55.8,39.7,44,6.8,3,low
354,Meghalaya,West Khasi Hills,12.857,73.3,60.2,42.6,12,3.1,5,low
355,Mizoram,Aizawl,12.9,116.2,85.1,43.6,327,81.7,7,medium
356,Mizoram,Champhai,11.742,36.7,80.2,48.0,15,11.9,3,low
357,Mizoram,Kolasib,11.338,62.4,78.5,43.7,15,17.9,4,low
358,Mizoram,Lawngtlai,11.678,59.2,53.3,38.6,23,19.5,2,low
359,Mizoram,Lunglei,11.992,35.8,75.0,48.5,93,57.6,5,medium
360,Mizoram,Mamit,11.366,28.4,69.7,45.6,21,24.3,6,low
361,Mizoram,Saiha,10.943,28.7,74.7,34.4,26,46.0,2,medium
362,Mizoram,Serchhip,11.081,47.9,83.9,49.9,10,15.4,3,low
363,Nagaland,Dimapur,12.845,438.3,73.4,40.0,1250,330.0,3,high
364,Nagaland,Kohima,12.499,89.7,73.7,42.8,489,182.5,9,high
365,Nagaland,Mokokchung,12.179,121.5,82.0,51.4,18,9.2,5,low
366,Nagaland,Mon,12.43,115.7,47.8,59.0,263,105.1,3,high
367,Nagaland,Phek,12.004,85.7,64.8,49.1,32,19.6,5,low
368,Nagaland,Tuensang,12.189,51.2,59.8,49.9,51,25.9,5,low
369,Nagaland,Wokha,12.022,102.6,77.1,47.1,23,13.8,5,low
370,Nagaland,Zunheboto,11.855,89.7,73.1,56.5,68,48.3,5,medium
371,Orissa,Angul,14.058,200.4,68.3,41.3,402,31.6,9,low
372,Orissa,Baleshwar,14.657,627.4,69.9,40.2,155,6.7,5,low
373,Orissa,Baragarh,14.208,255.4,66.4,51.4,568,38.3,7,medium
374,Orissa,Bhadrak,14.225,615.1,72.6,31.1,804,53.4,4,medium
375,Orissa,Bolangir,14.316,251.2,56.2,43.7,551,33.4,6,low
376,Orissa,Boudh,,,,,162,,5,
377,Orissa,Cuttack,14.78,666.3,76.6,35.7,2731,104.1,8,high
378,Orissa,Deogarh,14.216,531.1,53.2,37.0,96,6.4,3,low
379,Orissa,Dhenkanal,13.992,266.6,69.6,36.5,452,37.9,4,medium
380,Orissa,Gajapati,13.267,142.2,45.4,50.9,1834,317.4,4,high
381,Orissa,Ganjam,15.077,420.9,62.6,42.6,12080,342.3,6,high
382,Orissa,Jagatsinghpur,13.944,681.2,78.2,35.5,821,72.2,3,medium
383,Orissa,Jajpur,14.418,630.4,70.6,30.2,1467,80.3,5,medium
384,Orissa,Jharsuguda,13.27,273.9,70.0,42.7,353,60.9,4,medium
385,Orissa,Kalahandi,14.271,199.4,50.9,47.7,349,22.1,7,low
386,Orissa,Kandhamal,13.505,91.0,54.5,48.5,772,105.3,7,high
387,Orissa,Kendrapara,14.18,581.3,75.6,32.4,601,41.7,4,medium
388,Orissa,Keonjhar,14.404,216.8,58.4,42.5,992,55.1,8,medium
389,Orissa,Khordha,14.627,818.1,77.7,35.2,5531,245.6,4,high
390,Orissa,Koraput,14.137,161.0,41.2,50.3,1047,75.9,7,medium
391,Orissa,Malkangiri,13.326,105.3,39.9,50.7,773,126.1,6,high
392,Orissa,Mayurbhanj,14.74,241.6,54.3,48.6,788,31.3,6,low
393,Orissa,Nabarangpur,14.015,230.3,38.5,50.0,331,27.1,5,low
394,Orissa,Nayagarh,13.778,247.3,71.5,35.7,802,83.3,6,medium
395,Orissa,Nuapada,13.322,158.0,49.0,50.0,161,26.4,5,low
396,Orissa,Puri,14.345,485.6,76.1,36.6,1059,62.3,4,medium
397,Orissa,Rayagada,13.783,131.3,42.1,48.3,1173,121.2,6,high
398,Orissa,Sambalpur,13.856,154.7,67.6,48.6,836,80.3,6,medium
399,Orissa,Sonepur,,,,,0,,5,
400,Orissa,Sundargarh,14.554,215.3,64.1,41.7,1882,89.9,9,high
401,Puducherry,Karaikal,12.207,1042.5,77.4,34.1,249,124.4,2,high
402,Puducherry,Mahe,10.641,325.9,87.2,28.2,27,64.6,1,medium
403,Puducherry,Puducherry,,,,,4003,,2,
404,Puducherry,Yanam,10.926,1764.9,70.6,30.1,342,614.8,1,high
405,Punjab,Amritsar,14.728,504.3,67.6,36.9,2137,85.8,3,high
406,Punjab,Bathinda,14.144,414.4,60.8,39.6,711,51.2,6,medium
407,Punjab,Faridkot,13.333,428.0,61.7,35.9,354,57.3,4,medium
408,Punjab,Fatehgarh Sahib,13.305,513.4,71.0,35.8,424,70.6,4,medium
409,Punjab,Firozpur,14.523,390.4,60.5,37.3,617,30.4,8,low
410,Punjab,Gurdaspur,14.648,645.1,71.1,32.9,723,31.5,6,low
411,Punjab,Hoshiarpur,14.277,473.5,75.6,31.5,586,36.9,7,medium
412,Punjab,Jalandhar,14.601,846.2,74.0,35.3,2845,129.7,6,high
413,Punjab,Kapurthala,13.611,493.5,70.7,34.9,354,43.4,6,medium
414,Punjab,Ludhiana,15.068,983.2,73.2,36.7,4426,126.5,6,high
415,Punjab,Mansa,13.554,350.0,55.0,42.7,165,21.4,4,low
416,Punjab,Moga,13.811,434.0,63.1,36.1,515,51.7,6,medium
417,Punjab,Muktsar,13.712,348.3,58.2,37.2,0,0.0,5,low
418,Punjab,Nawan Shehar,,,,,0,,5,
419,Punjab,Patiala,14.455,511.9,66.8,34.8,2258,119.1,9,high
420,Punjab,Rupnagar,13.437,328.0,73.4,34.1,286,41.8,10,medium
421,Punjab,Sangrur,14.319,326.3,60.5,34.4,1194,72.1,8,medium
422,Rajasthan,Ajmer,14.764,299.5,59.1,40.8,2305,89.2,6,high
423,Rajasthan,Alwar,15.117,444.2,59.4,46.5,4843,131.8,6,high
424,Rajasthan,Banswara,14.402,357.1,46.1,51.0,240,13.4,6,low
425,Rajasthan,Baran,14.017,179.6,56.7,45.2,227,18.6,5,low
426,Rajasthan,Barmer,14.772,92.2,45.6,46.2,1618,62.1,5,medium
427,Rajasthan,Bharatpur,14.751,506.3,58.1,42.0,2798,109.8,7,high
428,Rajasthan,Bhilwara,14.695,231.0,52.2,47.7,893,37.1,6,medium
429,Rajasthan,Bikaner,14.676,88.0,54.1,41.7,2351,99.5,6,high
430,Rajasthan,Bundi,13.921,199.8,52.7,47.4,250,22.5,4,low
431,Rajasthan,Chittaurgarh,14.25,146.0,53.2,52.0,354,22.9,9,low
432,Rajasthan,Churu,14.528,120.0,56.3,44.3,716,35.1,6,medium
433,Rajasthan,Dausa,14.307,456.7,57.4,41.9,341,20.9,6,low
434,Rajasthan,Dhaulpur,14.003,400.0,56.6,43.4,0,0.0,4,low
435,Rajasthan,Dungarpur,14.144,368.6,49.1,46.2,680,49.0,5,medium
436,Rajasthan,Ganganagar,14.493,169.1,60.6,46.3,314,15.9,3,low
437,Rajasthan,Hanumangarh,14.389,199.9,58.3,47.1,237,13.4,9,low
438,Rajasthan,Jaipur,15.707,591.2,64.9,37.2,6146,92.8,7,high
439,Rajasthan,Jaisalmer,13.415,17.4,46.1,43.1,217,32.4,3,low
440,Rajasthan,Jalor,14.419,171.2,45.4,49.0,1228,67.2,5,medium
441,Rajasthan,Jhalawar,14.16,226.2,52.4,48.6,719,51.0,7,medium
442,Rajasthan,Jhunjhunun,14.575,362.6,64.1,41.9,656,30.7,4,low
443,Rajasthan,Jodhpur,15.12,162.0,55.1,40.4,7623,206.7,5,high
444,Rajasthan,Karauli,14.193,282.1,55.3,43.1,376,25.8,6,low
445,Rajasthan,Kota,14.484,355.5,66.5,38.4,2466,126.4,8,high
446,Rajasthan,Nagaur,15.012,188.0,53.2,43.1,1596,48.3,7,medium
447,Rajasthan,Pali,14.527,165.9,53.3,41.3,2891,141.9,8,high
448,Rajasthan,Rajsamand,13.961,252.6,53.5,47.6,698,60.3,5,medium
449,Rajasthan,Sawai Madhopur,14.105,286.9,55.5,43.3,280,21.0,5,low
450,Rajasthan,Sikar,14.8,349.6,61.7,37.6,1223,45.7,5,medium
451,Rajasthan,Sirohi,13.851,202.4,46.0,40.5,912,88.0,5,high
452,Rajasthan,Tonk,14.167,196.9,52.7,45.7,346,24.3,7,low
453,Rajasthan,Udaipur,14.937,242.0,51.6,44.5,1518,49.5,7,medium
454,Sikkim,East,14.352,1816.9,79.2,33.9,0,0.0,3,low
455,Sikkim,North Sikkim,,,,,1,,3,
456,Sikkim,South Sikkim,,,,,144,,4,
457,Sikkim,West Sikkim,,,,,42,,3,
458,Tamil Nadu,Ariyalur,13.534,387.3,63.7,47.7,1154,152.9,4,high
459,Tamil Nadu,Chennai,15.352,23851.1,81.3,39.1,106096,2283.2,2,high
460,Tamil Nadu,Coimbatore,15.056,467.2,76.2,45.3,5997,173.4,6,high
461,Tamil Nadu,Cuddalore,14.773,683.5,69.7,44.9,4232,162.4,6,high
462,Tamil Nadu,Dharmapuri,14.226,156.3,60.9,49.9,815,54.1,10,medium
463,Tamil Nadu,Dindigul,14.586,356.7,68.6,51.2,3331,154.2,7,high
464,Tamil Nadu,Erode,14.627,275.5,66.3,53.1,888,39.4,8,medium
465,Tamil Nadu,Kancheepuram,15.201,858.7,75.4,41.9,10993,274.9,5,high
466,Tamil Nadu,Kanniyakumari,14.442,1175.6,82.8,36.3,5829,311.6,2,high
467,Tamil Nadu,Karur,13.878,368.6,68.3,51.0,680,63.9,4,medium
468,Tamil Nadu,Madurai,14.927,824.2,74.8,44.6,11689,384.7,5,high
469,Tamil Nadu,Nagapattinam,14.296,672.6,75.0,41.6,921,57.0,4,medium
470,Tamil Nadu,Namakkal,14.362,508.0,68.1,52.0,890,51.5,4,medium
471,Tamil Nadu,Nilgiris,13.508,289.0,77.5,47.6,919,125.0,6,high
472,Tamil Nadu,Perambalur,13.245,322.8,66.5,53.0,572,101.2,5,high
473,Tamil Nadu,Pudukkottai,14.297,345.0,68.6,47.1,2755,170.2,4,high
474,Tamil Nadu,Ramanathapuram,14.118,317.7,72.3,44.6,3503,258.8,4,high
475,Tamil Nadu,Salem,15.063,668.6,65.6,48.7,4251,122.1,7,high
476,Tamil Nadu,Sivaganga,14.108,329.5,71.7,46.3,2768,206.7,5,high
477,Tamil Nadu,Thanjavur,14.693,709.2,74.4,40.5,3484,144.8,6,high
478,Tamil Nadu,Theni,14.035,438.1,69.8,47.5,6836,548.7,4,high
479,Tamil Nadu,Thiruvallur,15.131,1153.8,74.9,41.3,15890,426.2,5,high
480,Tamil Nadu,Thiruvarur,14.05,502.4,74.9,42.7,1874,148.2,3,high
481,Tamil Nadu,Thoothukudi,14.375,371.4,77.1,42.7,8450,482.8,3,high
482,Tamil Nadu,Tiruchchirappalli,14.817,604.6,74.9,44.6,4834,177.6,10,high
483,Tamil Nadu,Tirunelveli Kattabo,,,,,0,,7,
484,Tamil Nadu,Tiruvannamalai,14.718,398.9,66.0,50.2,7058,286.3,4,high
485,Tamil Nadu,Vellore,15.186,649.2,70.5,42.9,6897,175.2,5,high
486,Tamil Nadu,Villupuram,15.056,474.7,63.5,49.2,4316,124.8,7,high
487,Tamil Nadu,Virudhunagar,14.479,453.0,72.0,48.9,9441,486.1,7,high
488,Tripura,Dhalai,12.843,171.7,73.0,41.2,646,170.8,3,high
489,Tripura,North Tripura,13.45,338.4,75.0,35.8,502,72.3,3,medium
490,Tripura,South Tripura,13.683,274.3,73.8,41.9,374,42.7,2,medium
491,Tripura,West Tripura,14.361,578.4,78.9,40.5,1432,83.0,2,medium
492,Uttar Pradesh,Agra,15.301,1256.4,60.7,31.5,1985,44.9,8,medium
493,Uttar Pradesh,Aligarh,15.117,953.4,57.0,32.0,1808,49.2,7,medium
494,Uttar Pradesh,Allahabad,15.6,1160.4,61.6,35.5,0,0.0,7,low
495,Uttar Pradesh,Ambedkar Nagar,14.69,1033.9,62.0,32.8,346,14.4,6,low
496,Uttar Pradesh,Auraiya,14.137,635.1,67.5,32.0,536,38.9,5,medium
497,Uttar Pradesh,Azamgarh,15.345,1186.7,60.1,29.7,1413,30.6,6,low
498,Uttar Pradesh,Badaun,15.119,727.4,42.0,30.1,600,16.3,9,low
499,Uttar Pradesh,Baghpat,14.08,980.9,61.2,32.0,645,49.5,6,medium
500,Uttar Pradesh,Bahraich,15.065,948.1,40.1,33.0,826,23.7,5,low
501,Uttar Pradesh,Ballia,14.991,1079.7,60.6,31.5,2152,66.4,7,medium
502,Uttar Pradesh,Balrampur,14.58,639.7,40.4,35.4,340,15.8,3,low
503,Uttar Pradesh,Banda,14.403,398.7,55.7,39.0,340,18.9,7,low
504,Uttar Pradesh,Bara Banki,14.997,737.7,51.9,36.6,1463,44.9,7,medium
505,Uttar Pradesh,Bareilly,15.308,1180.0,49.3,31.5,3085,69.4,5,medium
506,Uttar Pradesh,Basti,14.717,982.0,56.6,31.8,1081,43.9,5,medium
507,Uttar Pradesh,Bijnor,15.119,855.7,58.0,29.5,803,21.8,8,low
508,Uttar Pradesh,Bulandshahr,15.068,980.6,58.1,33.5,1478,42.2,5,medium
509,Uttar Pradesh,Chandauli,14.485,771.9,60.2,33.4,1115,57.1,5,medium
510,Uttar Pradesh,Chitrakoot,13.807,322.2,53.6,39.7,273,27.5,6,low
511,Uttar Pradesh,Deoria,14.947,1216.1,60.5,28.3,1614,52.0,6,medium
512,Uttar Pradesh,Etah,14.389,397.4,59.5,30.8,440,24.8,6,low
513,Uttar Pradesh,Etawah,14.274,736.8,67.1,32.0,922,58.3,6,medium
514,Uttar Pradesh,Faizabad,14.72,1179.8,58.7,33.6,822,33.3,5,low
515,Uttar Pradesh,Farrukhabad,14.45,865.6,58.0,31.4,586,31.1,6,low
516,Uttar Pradesh,Fatehpur,14.784,631.7,57.4,40.4,653,24.8,9,low
517,Uttar Pradesh,Firozabad,14.731,880.2,60.9,30.5,822,32.9,6,low
518,Uttar Pradesh,Gautam Buddha Nagar,14.315,1192.6,68.1,34.5,5748,348.8,5,high
519,Uttar Pradesh,Ghaziabad,15.359,2377.4,66.7,32.5,5573,119.0,6,high
520,Uttar Pradesh,Ghazipur,15.102,1071.9,60.7,33.3,1436,39.7,8,medium
521,Uttar Pradesh,Gonda,15.049,859.7,48.9,34.1,978,28.5,7,low
522,Uttar Pradesh,Gorakhpur,15.306,1452.1,60.8,30.4,2898,65.3,7,medium
523,Uttar Pradesh,Hamirpur,13.915,259.7,59.2,40.2,346,31.3,6,low
524,Uttar Pradesh,Hardoi,15.225,683.0,54.3,32.2,1340,32.7,8,low
525,Uttar Pradesh,Hathras,,,,,319,,5,
526,Uttar Pradesh,Jalaun,14.34,371.2,63.6,36.7,717,42.4,5,medium
527,Uttar Pradesh,Jaunpur,15.318,1116.0,60.8,32.0,2509,55.8,7,medium
528,Uttar Pradesh,Jhansi,14.508,395.3,65.3,40.8,2617,130.9,9,high
529,Uttar Pradesh,Jyotiba Phule Nagar,14.425,733.6,53.4,32.6,0,0.0,6,low
530,Uttar Pradesh,Kannauj,14.32,800.6,61.4,31.7,1003,60.5,6,medium
531,Uttar Pradesh,Kanpur Dehat,14.401,357.8,65.2,35.0,384,21.4,8,low
532,Uttar Pradesh,Kanpur,14.741,2390.2,84.8,32.7,1574,62.4,3,medium
533,Uttar Pradesh,Kaushambi,14.285,762.6,50.9,40.0,418,26.1,5,low
534,Uttar Pradesh,Kushinagar,15.087,1237.9,54.8,31.3,1017,28.5,5,low
535,Uttar Pradesh,Lakhimpur Kheri,,,,,657,,5,
536,Uttar Pradesh,Lalitpur,14.016,242.5,52.5,41.2,480,39.3,6,medium
537,Uttar Pradesh,Lucknow,15.339,1812.0,68.1,33.6,10805,235.4,5,high
538,Uttar Pradesh,Maharajganj,14.803,844.6,52.9,37.0,1010,37.6,5,medium
539,Uttar Pradesh,Mahoba,13.683,309.6,55.7,39.9,309,35.3,4,medium
540,Uttar Pradesh,Mainpuri,14.441,681.2,64.4,30.0,806,43.1,5,medium
541,Uttar Pradesh,Mathura,14.75,757.1,59.2,33.0,1098,43.1,7,medium
542,Uttar Pradesh,Mau,14.607,1070.0,61.8,31.6,630,28.6,5,low
543,Uttar Pradesh,Meerut,15.052,1326.0,62.2,31.7,2490,72.3,5,medium
544,Uttar Pradesh,Mirzapur,14.731,554.6,57.2,35.3,911,36.5,7,medium
545,Uttar Pradesh,Moradabad,15.378,1419.0,47.4,29.7,2271,47.6,5,medium
546,Uttar Pradesh,Muzaffarnagar,15.237,1027.0,58.3,31.2,943,22.8,7,low
547,Uttar Pradesh,Pilibhit,14.524,567.1,52.2,30.5,964,47.5,4,medium
548,Uttar Pradesh,Pratapgarh,14.982,865.8,60.2,33.2,646,20.1,6,low
549,Uttar Pradesh,Rae Bareli,15.041,739.1,57.7,35.4,735,21.6,7,low
550,Uttar Pradesh,Rampur,14.664,911.7,44.7,31.6,1439,61.6,4,medium
551,Uttar Pradesh,Saharanpur,15.059,935.6,59.9,29.9,1320,38.1,7,medium
552,Uttar Pradesh,Sant Kabir Nagar,14.355,1296.7,55.7,31.5,1232,71.8,5,medium
553,Uttar Pradesh,Sant Ravi Das Nagar,14.272,1568.0,57.7,29.8,0,0.0,4,low
554,Uttar Pradesh,Shahjahanpur,14.916,648.3,49.6,29.7,1416,47.1,6,medium
555,Uttar Pradesh,Shravasti,13.926,355.3,37.9,36.1,221,19.8,3,low
556,Uttar Pradesh,Siddharth Nagar,14.755,737.7,48.0,34.3,1011,39.5,5,medium
557,Uttar Pradesh,Sitapur,15.316,777.8,50.9,31.7,676,15.1,5,low
558,Uttar Pradesh,Sonbhadra,14.437,275.1,52.9,39.2,770,41.3,7,medium
559,Uttar Pradesh,Sultanpur,15.15,861.5,59.0,32.7,954,25.1,7,low
560,Uttar Pradesh,Unnao,14.95,677.9,57.1,36.2,1023,32.9,6,low
561,Uttar Pradesh,Varanasi,15.118,2375.7,65.4,33.2,3831,104.2,5,high
562,Uttaranchal,Almora,13.342,201.3,70.1,47.9,322,51.7,6,medium
563,Uttaranchal,Bageshwar,12.468,114.3,69.1,47.6,155,59.6,3,medium
564,Uttaranchal,Chamoli,12.878,49.6,71.6,46.2,110,28.1,6,low
565,Uttaranchal,Champawat,12.467,154.6,68.4,38.3,136,52.4,4,medium
566,Uttaranchal,Dehra Dun,14.344,555.5,74.2,34.3,1938,114.2,7,high
567,Uttaranchal,Haridwar,14.452,795.1,62.3,30.6,1739,92.0,5,high
568,Uttaranchal,Naini Tal,13.769,235.7,73.0,39.4,1372,143.7,5,high
569,Uttaranchal,Pauri Garhwal,,,,,239,,8,
570,Uttaranchal,Pithoragarh,13.089,66.2,71.5,44.8,184,38.1,4,medium
571,Uttaranchal,Rudra Prayag,12.398,200.2,70.6,46.7,87,35.9,4,medium
572,Uttaranchal,Tehri Garhwal,13.336,141.5,65.9,45.3,560,90.5,4,high
573,Uttaranchal,Udham Singh Nagar,14.316,577.8,62.9,35.9,1448,87.8,7,high
574,Uttaranchal,Uttarkashi,12.707,41.2,65.2,47.6,333,100.9,6,high
575,West Bengal,Bankura,15.096,517.3,62.1,40.8,906,25.2,4,low
576,West Bengal,Barddhaman,15.859,1098.5,68.0,37.7,0,0.0,8,low
577,West Bengal,Birbhum,15.069,771.2,61.6,38.0,799,22.8,5,low
578,West Bengal,Dakshin Dinajpur,14.332,804.2,64.6,41.9,1649,98.4,2,high
579,West Bengal,Darjiling,14.429,588.5,71.2,37.0,2750,148.9,6,high
580,West Bengal,East Midnapore,,,,,0,,3,
581,West Bengal,Haora,15.394,3370.9,74.3,37.5,0,0.0,6,low
582,West Bengal,Hugli,15.524,1754.5,73.9,39.0,0,0.0,6,low
583,West Bengal,Jalpaiguri,15.17,627.0,64.5,39.1,1641,42.4,3,medium
584,West Bengal,Kochbihar,14.852,848.1,65.6,40.0,0,0.0,3,low
585,West Bengal,Kolkata,15.319,49180.4,79.8,39.9,25882,575.6,3,high
586,West Bengal,Maldah,15.199,1106.5,52.3,38.6,2802,70.2,5,medium
587,West Bengal,Murshidabad,15.776,1323.6,57.1,36.5,1097,15.4,6,low
588,West Bengal,Nadia,15.458,1327.3,67.4,35.7,1379,26.7,4,low
589,West Bengal,North 24 Parganas,,,,,18741,,5,
590,West Bengal,Puruliya,14.891,469.2,55.5,42.6,301,10.3,9,low
591,West Bengal,South 24 Parganas,,,,,6254,,3,
592,West Bengal,Uttar Dinajpur,14.916,898.3,49.5,35.8,1277,42.5,6,medium
593,West Bengal,West Midnapore,,,,,0,,8,
